가렌,갈리오,갱플랭크,그라가스,그레이브즈,그웬,나르,나미,나서스,나피리,노틸러스,녹턴,누누와 윌럼프,니달리,니코,닐라,다리우스,다이애나,드레이븐,라이즈,라칸,람머스,럭스,럼블,레나타 글라스크,레넥톤,레오나,렉사이,렐,렝가,루시안,룰루,르블랑,리 신,리븐,리산드라,릴리아,마스터 이,마오카이,말자하,말파이트,모데카이저,모르가나,문도 박사,미스 포츈,밀리오,바드,바루스,바이,베이가,베인,벡스,벨베스,벨코즈,볼리베어,브라움,브랜드,블라디미르,블리츠크랭크,비에고,빅토르,뽀삐,사미라,사이온,사일러스,샤코,세나,세라핀,세주아니,세트,소나,소라카,쉔,쉬바나,스웨인,스카너,시비르,신 짜오,신드라,신지드,쓰레쉬,아리,아무무,아우렐리온 솔,아이번,아지르,아칼리,아크샨,아트록스,아펠리오스,알리스타,애니,애니비아,애쉬,야스오,에코,엘리스,오공,오른,오리아나,올라프,요네,요릭,우디르,우르곳,워윅,유미,이렐리아,이블린,이즈리얼,일라오이,자르반 4세,자야,자이라,자크,잔나,잭스,제드,제라스,제리,제이스,조이,직스,진,질리언,징크스,초가스,카르마,카밀,카사딘,카서스,카시오페아,카이사,카직스,카타리나,칼리스타,케넨,케이틀린,케인,케일,코그모,코르키,퀸,크산테,클레드,키아나,킨드레드,타릭,탈론,탈리야,탐 켄치,트런들,트리스타나,트린다미어,트위스티드 페이트,트위치,티모,파이크,판테온,피들스틱,피오라,피즈,하이머딩거,헤카림
서초유,돌모아이,마스터가자앗,Sloppy Walrus,Gotham superstar,Gwen,GEN G NAR,Vitamin Angel,김복돌입니다,불멸의 영웅 율드,방울토마토농장,Remika,Protein Nunu,창피하면어쩔건데,SidaRim,Junt,롤여캐보면쥬지서요,모닝ddong,김졔왕자님,룬 마법사 주호민,Honpi,huojiangui,럭포떠,shengtianbanzi,RENATAKlNG,우치하 탑꼬리,너 팬,POKERARTE,Skibidi ToilRell,숲의 사자,MostLucian,바텀툴,,ART LEE,ISTP 리븐,차단후리폿전문가,Yumeko IiIi,MaaaYi,파괴신 마오카이,믹스테이프,제로거,GetridELO,미노오,MUNDOKINGzzz,Most MissforTune,,2300A,Varus Goat,자메이카흑인,룬디내,종탁아보고배워라,벡스마스터에요,donTwanTdie,aVoid the Q,Thisisbear,YUN Mungsil,초심불망,불빛 계약,내가내다비켜라,NEED HER,짭파다,YuSungHyun,권아윤 이쁘다,성이온,궁복동,YOU 투쇼드 TUBE,Oh0Tech,우웅히힛,lIIllIIlIlIlllI,빅맥감튀콜라세트,ISFJ Supporter,귀여운 소라카,IVIi ru,LilySua,시바견꼼이탱이,시골러,구여름,잡초머리,98zz,인류의숙제 탈모,롤덤비셈,슬픈솔랭,도자기 아무무 봇,Daйte,파블로프의 돼지,FuIIs,아이리 칸나,ice,NAAYIL KR,엠동2,로미스타,yang fu yang,AI 애니비아,AsheMaster,검 좀 다룹니다,순r모,찡 주,정글오공 김휘인,오른으로박는사람,LunaLina,기묘기묘,주목해줘,철 릭,Attack Run udyr,언덕 위의 힐다,늑대로,쏘 히,General irel,wudiwudiwudiwudi,어린이즈,행성파괴자조강현,사람인곳만감,이제 쉬자,토드와일러,전투젤리몬,잔나킹,cryOvO,불멸의 영웅 율드,산책 좋아,화양연화를꿈꾸다,Upgrade 할거야,Iove zoe,몽땅다람쥐,how lovely,To 고별,엉덩국 갱숭제로,육 초,마지막 우리,순보타는갓타리나,쌩배카사딘원챔충,라 젠 카 서 스,내 균,카이사 엔딩,asdf45yhfg,미드안오면나락,JALP,KNKN,고아 케이틀린,안산 중앙역,우유없는시리얼,채팅금지코그모,코르키 랭킹1위,함현식,이름 조건제,저승건수,Bush By Queen,tiandiyijinghong,김종애,never have luck,Sole7,두꺼비 아줌마,발큐리아,트위치 흥커복,세금왕,riteleader,못하면칭찬합니다,돌아온 팔블,SOODAйGKIM,Smear Snot,너의멘탈도한계다,Fiora,IlllllllIIIIII,지코매니저빵테,suqi jug
참새우깡,Iove galio,하상연,그라가스할래요,Regret Day,규버미,트위치 민이나르,갈리토스,또 나만 보고싶지,,노틸러스그잡채,여친몰래 코파기,й사월й,Nidaalee,9월30일 안오냐,old Ni,스타일엔 간지,정글안오면처박음,벙어리사람,총맞은별,쨩구마을,달달하구여,Lux corki,요들의 불단속,울진맨,KANED,레 폿,jmpm,하나둘셋렐,Nanook,Gen Envy,가라나운동한다,,CQC,평캔조금합니다,찬세EZPZ,dyDr,후알파,Johanson,남탓왕 김지황,니 와 글 로,알파PC 탑쟁이,안경쓴중학생2,비시 프랑스,YouTube 라이언,,feviknight,Luzy,방송인들맵좀가려,Stay My Youth,픽캔스,표정훈,벨베스 서폿,김미쯔바보,레슬링볼리베어,대야웰백,기쨩이,굿피치,2007 sup zz,윤스터,VicSin,pink poppy,경몽어스,원딜초가스,한써기,rbdvrewewvwe,황금마늘보쌈,먀 하,브리슬할계요,SETTKING,플4에서벽느낌,후배위해주는선배,모하쉔,Mute all 정글링,주환 휴목,클레멘타인의재림,개얍새,모닝ddong,헨맹2,SlNGED,손코입,매혹매혹매혹매혹,Player10,현 솔,코쿠시보 데이지,존중겸손집중인내,Korea Akali King,엄청난소시지,아 초 록 스,X X X X X X X,바람고추,홍대토목애니장인,Samba,고맹이,아오 밍구시치,까미야뒤로굴러,엄대두1,Love Wukong,Hide on forge,soul1lol,OOLAFKING,bie xin nv ren,3buzzingwilds,KR Udyr,모기가앙물었쩌,늑대세끼,원딜그루밍,Sunnnz,dlrjdhoclsizz,원딜러 이카나비,비비비빅맨,우리팀은짐승,태형아그마가자,5570154del,젤 리 만 땅,쓰 맵,버렸으면캐리해라,N4G1,기억찾은박,땅굴팀 원딜러,말티즈윈터,조포터할게요,MID 직스,BTS JHIN,설레는BOMB,Pentakill Jinx1,초가스노밴,YUN Mungsil,이다빈짱이다,16win,살생부적는카서스,마님의뽕짝,,호연냥,화려하게카타리나,아직조금더,전자전기공학땃쥐,30대의 불꽃투혼,하드탱커 다르킨,easyyy,콕구몽,탈카키의 코,구리보이,Toward The Goal,kled9,YeQiuFengCarryGG,공원영,bao shi wang,이뉘시안걸면발사,힌 셩,Twitch 탐탐이,왜 상대만 오는데,교수트타,우리정글 탑유기,행비니,노약좌석뺏기장인,안싸티,내가이진섭,우번개,Pinginngde,파인애플검희,메필레스 더 다크,하이머다빈,baah
남탓금지1,GALBRO,SolarbaccaKR,beer boom,금빛섬광빵,나 규버미 아니다,binhgon,,산본백채김치찌개,,뚝배기도난사고,얌체모드,누누교수,Gladiator JG,코눌엉,별을 보던 아이,미천한놈,이야공,섹시문스윙스,hearmix,다녀5세요,rammйs,친힐파,손효정전남편,,Enal,완굽남,RekSai Artist,Fudasca,박대정,,디올a,,리신머가리,쭈 욤,리산드라 중급 봇,상병 토닥임,06년생 김유빈,미드 마오카이,R1 Malza,김요리,뚜벅저벅씨벅,Oddie,조꾼영,미스포츈외길인생,,barusu,바루스님,영 휘,그만때려주세용,Twitch 베장김,SidaRim,수미림,105FA,4 분,내가이진섭,wade on fire,LUUURANKO DISCO,병기형이다z,세츠단,E Laser,Bright you,SABCDE,쉬다오는 사이온,Ldya,Assasiй,트위치 작은콩,전선희,최현우,창과방패보단주먹,KOR SONA,귀엽고 이쁘당,쉔드백,1정진호,공주는욕하지않아,독전갈,,독전갈,Daopa,xinzide emperor,god jeong,Ahrist,악 귀,으 화나쩡,졸다가코베인,cai xu kun,GOAT POOPOO,no Jing Jing plz,김민재04,세그루,얌이얌이,jjinnn,꿀감자야,LangLang,야원시대,등촌양동대일서강,읍얍읍얍,91310196del,난입 오른,BARKBOOBARK,vhhs,제일 강한 검,삽쟁이란 말이다,오브크,항문처형인노현우,skinoo,달의 요정 세미,감자전만두,고현석,pshsb1004,딸딸일라오이,이게그리잼있다며,waiki,Pigro,핑크자크핑두,네게 달려올게,Ajou University,liillllilliii,Xerath,지구야 아프지망,땅에서자는사람,아랍킹1,Lv 1 Ziggs,인생덧없음,AfreecaTv 춘수,나를깨워라깨워라,스바라시맨,카르맛,So sunny day,벌레성님,고 인 영,Chang Min,,카직스1타강사,11월에 돌아올게,왜화면이항상흑백,푸짐 근,사신 윤석열,비탈리스 신,혀누 속상해,chasquido,코르키 조아요,벌침을쏜꿀벌,Akapas,군대 클레드,알잘딱깔센해줄게,엄 지 명,스턴 달린 혜지,shixianziwo,라꾸루,똥챔밖에할줄모름,트런들의포탑단속,저물어가는해,5 5태시기,각성한삼분의,찍찍이쌤,이지하네요,9THUG LIFE6,상상의하늘,도얀쓰도얀쓰,워웍잘해요,DaFaem,딩거짜응,진심으로 대하다
GABUNGKlNG,키마널,IIlIIIlIIIlIlIIl,그라가스요,AD만하는사람,0000,흥분하면커집니다,,머리부수는멍멍이,,Oddie,모구바바,이희태,삼대 괴수 지구 최대의 결전,카오스막타전문,덕2용,망고팀 TOP,코코무코무,챠오챠오링,이걸보짱이,BORN TO LOSE,구르고박고던지기,쭈쿠쭈쿠,원챔유저가싫어요,,내꿈은레넥킹,ills2,dropmyhoe,맵이보이는사람,한국산 사자,,Ear,,EDG Moonlight,supp come top,wasteprospective,UDURUKING,Cowsep,Poro퍼크,1357642,바이브 소망,피스킬,Remika,별수호자 재혁,당신의 아이돌,,바드랑놀까,탑바루스원조맛집,방송인들맵좀갸려,베이강,이건아니지않슴,,탱 녹,딱콩밤엄마,구건모,,안전벨트좀하자,Code Hun,송기천,소주마신 미어캣,뽐수다,뽀삐 벤 멈춰,,Try Love,인구리,김띠용이,미팡동팡,힐 힐,이젠 졸려,좋은멘탈좋은실력,소나는 말못해,남성자찌,재의 수호자 쉔,MZ kkOma,봇 권위자,던갈교수,,철강자동화과,수라차,tou yun yan hua,황포터,NEW HJ,하이닉스퇴사예정,Mr ZCC,99강화나무아이번,Twitch 영지르,달콤한 별사탕,ldhsky,팡숙07,양념투구게장,캣 휠,You Ling Meng,늙고힘든애니비아,잘생겼다 조원영,2312,Jin Long Bin,암살 서포터,마음이 두근두운,IIIIlIIIIlIIIl,MZ식 미드라이너,눈돌아가면다죽임,하누주,릭 철,대따튼튼한,Barrett H11,MGoonL,명월나비,이렐아칼리,수딘부캐10,네가행복했으면좋겠어,G1psyDanger,연봉 3억입니다,S й,못하면패드립,역시폭군,Nightblue,돌격아프러,Onzed,매운 새우깡 킬러,이나예,TwitchTV xdding,보육원출신우리팀,Gen G Seeder,진짜구려,질 장,쏘 갈,chzm,얄미운지니,1iubai,,존야이거또안눌려,10새77J,,It was a dream,InChEoN Rengar,칼리스타할꺼에요,mini 볼베,조소환사,From the top,R 신성한 심판,지옥간호사,개지호,블루 돌핀스,바론맛우유,성소녀 영역,Qiyana Only One,거 먹,AllYouNeedtoKnow,01040599067,dddsdf43d,마왕 탐 켄치,파이즈리얼싸좋다,남성간호사,그래기대도안했어,Suyamah,청희야,각성한 팔블,민두마루,고귀한흑표범슈자,caorenjiaoxue,OH 경주,flawless love,다 삯,PONY
4딸라우스,Moksang Faker,lliilliilol,박술통,GM 그브,집가는포잌,더글로리식라인전,,오댕즈 fan,,넣어줘 딜,그브충이,따뜻한차한잔,aesfaswd,만개 장인,Est No,다리공듀,누가바 킬러,onlydrav3n,9IUO,궁천천히몸닿고w,광연44,마법사 정럭스,뭐든지잘하는놈,,여진만 들거야,patricia1,베리타스알파,,02 RENGARKING,,고양이박이,,wang ba dan,요다티모,봄이가을이,초 목,희선이어머님,차슈덮밥,Sweetkrr,92441299del,르 작,Lux corki,IndaBuildin,카우걸 미스 포츈,,dlwldms fan,스폰지04,창피하면어쩔건데,차쿤하이,눈의서곡,,BEL1VETH,벨코즈3,곰사장,,롯데샌드파인애플,Dated,,ggttlplp015,대화초 양승우,귀여운 뽀삐,,Crazy Driver,방말순,가나안해장탕,세나큐,전선희 제자,dailoo,세트연습자,Thsk,담배피는 곤쥬님,쉔 붕,틀딱연구소,스웨인군단장,전 걀,,,서서히 잊혀지면,노오란감귤,JSI 금형 프레스,기모따라쉬,iliLILIiliiLILID,인어소년 조개맨,초 목,pemty,06 akail king,Indexy,artx,송펠리오스,띠거우면뜨고,애니킹,zipline,This Is Ashe,shubaosu,승훈짜장,이른너머회춘,Tout ira bien je,존배맨,기하장성,오삼불고기123,한일고요리사,시로리,디르 우,우르곳 연구소장,King Warwick,사나운야생고양이,굉지혁,이블린왔당,핑찍으면들어라좀,범코야끼,웅필승,미니2,아몬드시리얼,개 천,Wink,으쌰으쌰 화이팅,제 드가자,정글로가겠어요,빠지직 뿌지직,starfired,백밥오,작고귀엽다,치히로,8짜쏘가리,,my힐링엔젤민아,이거탑맞음,엉민이에오,,죽어서딜해요,킬러톱,,멈춰럭스,230925,SSSJLP,뚱띠뚱쓰푸바옹,,The Jungle King,k mid,침대위섹시카이팅,,박희승1,미니언 절단기,핑핑아 울지마,KR Qiyana,Niйe,T1 kerria,못해서미안,강등시키는 사람,오상용,Gladiator JG,DREAMY PLAYER,loliillidldi,노란카드한도초과,병든간장도둑성열,양스독,이우길,뇌 녹 사,너를사랑하고있어,muchen,룽 짐,딩거 안함,너를향해 뽀뽀
disabled guy,보스고영희,허허보이,SloppyWalrusX,상대를인정하다,기므진,슈슈파나,,바이브 소망,,아다다다두겐,어른이 된다는 게,누누 족장,1275721347129473,니코코코코,01066198557,DARIUS 01,Caйvas,아이유1luv,안창살먹고싶닭,으끄야,람 머 츠,Luxaйna,잠을잘자야 OO,,LvRan47mule,JDG Homme,빨리가고있다,,PusiPuu,,렝가레넥톤볼베,,연재냥재연재냥재,AloisNL,icequeen,,롤로노아 탑마이,병점동페미도살자,다 레,롤여캐보면쥬지서요,ZephyrusK,,조선인의안락사사,집공 방관 미포,,Xi Jin Pigg,whomtorelyon,9태구,강준호세번째다리,피 융,,Aki 03,Astroйaut,니니니골드,,롤망겜아디삭제,고무현노등학교,,박상타,Victroxand,창뽀전,,네 뒤에 사이온,An huanhuan,bttbat,앙 스택띠,김영삼각근,AVANTE Sport,상남자 대털,칭 찡,바나나의 호흡,Top Sh2n,쉬바나하는놈,AD Swain King,선풍기 fan,,,에비츄러스,й신지드й,비가 오던 거리,체리조앙,소통이즈리얼,지렁이킹,코쿠시보 데이찌,나쁜비둘기는없다,DRX추성훈,죄수번호 5286,jorj1,DumVitaEst,개억까,Hide on Tibber,스마일안줄거야,SpeedBox,Belassen,시고쿠나,FA00JUG,,왕관을쓰려는 자 그무게를버텨라,2ap cant win,충청도벌꿀시바견,이모순대하나요,기도하는 요붕이,달려라냇물아아,세체곳,쇼타소믈리에,유미파괴범,럭스장인정유진,운빨놀이,,타코집 점소이,케인 마스터,베라티아,111 인사과,ZZACKlNG,찹 또,여긴중국서버인가,미드양보점,Gh5,울어바,우리정글만,백윤슬,Redmouse,최몬지,김민우,,안세미,시금초문,홍낙현,,진혼song,KINGBAAAM,,새벽여름,BVS,살아난득이님,전지적케넨시점,,Shadow Scythe,P 거룩한 승천,청희야,,두리번 거리는 개,크San테,스칼 풀 뜯어먹는 소리,그러려니 하는 편,머리 빡빡 밀리오,금빛시계,차분하게처음처럼,다른애들이랑탈랴,탐라스,,Do not the cat,우치하 이승우,헤어지기 싫어,happyday1107,게이온,윤인서,럽 판,정글유기시 15 gg,FIORAKlNG,피 논,포탑친구윤정이,오세블리
짐승 다운,adobepro1112,SonnabaccanaKR,dfpf,혹시라는 기대,구면상,숲속 나르,,IllIlIIlIlIIll,,열정은 식지 않아,칼 집,즐 팡,몇시간을 오려,스칼런,그댄 노란 꽃의 민들레다,어스름 늑대 새끼,봇전의 장인,융레이븐,비오는날에막걸리,카 리,따봉 미니언,티또리,준 베,,푸랑아산책갈까,channhee,밍사이,,Yulu,,잔 룰,,넌 봄이었어,Riven God,꼽히면겜안함,,후추아보카도,nitianduiyou,꿀지헌,G1psyDanger,아 초 록 스,,꿀잼사과잼,지구민석,,고연바,Molochyle,SccarIet,분노사자,넥스트 챌린지,,유리멘탈롤,피코a,옥수수와감자,,와드쟁이 브랜드,핏빛 계약,,사고당한사람,위기도 기회로,정화들면로밍,,영앤스몰딕,주술회전횟집,생품이,top sena,눈마을,땅 혁,야마다 군,마틴 이은혁,바Lr나킥,2022102217,떠나요안녕,떡오온,동물만함,,,인생을 즐겨요,주황오소리,위 vs 뷔,alkswe,곰포동,cxybaby,weom송이,돌 핀,쿠로카와 akane,그냥롤을못함,i1i11i111,,woxiangheniyiqi,POLYTERU,닭다리,IamNerd,민근옥,Challenger Ekko,에르메스 정글,,준돗개,김오링,액쇼니,문과 요네,요릭장인릭스,임채민입니다,후쿠시마산꽃게랑,발 정 난 워 윅,부들대는 애기들,Unique Self,새 븐,,크라켄의 정석,오리 자르반,,관광명소,킹자크지,supporter2,온구리,재드킹,Touch,14647,JAYCEHERO,zoe030,모카미드,진 TV,권혁진입니다,,울룰루3321,yoon9182,프로탈주맨,,의카장,P o i s o й,,혼자 킬각보는중,korean joker zz,챠오챠오링,바람케넨,,구구공팔공육,깔끔하게밥먹기,심심한 그몽,,Quates,Hyun min 06,좀비 클레드,메롱전사 박처노,퇴물균,성민섭,수종잉,도현 수수,한준준,,zhao bao,의문의트린다미어,선교콩,탄 창,너구리독,슨블랑,상단의악마강림,메론뀰맛있어,lpx,트위치이성진1234,봄여울가울겨울,BonphaGo
가렌은무서워,갱 방지,송플랭크,Dol tv 5327129,진 연 진 연,내가만든가위,나르디노스,,양주의지배자,,솔저레전드,얼어붙은공포녹턴,누누와 월럼포,비선별인원김환희,3번 아군,PzKpfw VI Ausf,Rebel king,야공시치,hff7yfg95ju25sjj,맹 도 롱,대후우운,못하는 람머스,백하리,Tagliatelie,,잉어와붕어,아 타 라 젠 젠,주안제일검,,No1렝가,,예현엔젤,,,Azhy,llIlllIIlII,,근수터이,이강희,말코빅 버프좀,5 5태시기,Skibidi ToilRell,,,튼튼건토,,룰잔소,,gradeday,Zi존파워세림짱짱,슬픈나이 27살,,유명환,므 억,Toru,,YouTube해랜드,uйkйown position,,호시노 아저씨,꿀감자야,뽀삐는 망치잖아,,모르는자이기는법,왕십리이마트,영악한 놈,조지리얼,Serphiйe,jixu qianjin,Knuckle Down,,boom Tab,쉔발장사꾼,R0HAN,부끄꽁볼리베어,슥카너,,,리워크신드라,지드봇,오리궁뎅임니다,Moonswings,,3263204231964352,BrushMaker,병법 24편,lйappreheйsible,명의 아크샨선생,Aatrox GOAT,,dermatologist,jjeongg,망포동47세이정무,Ghost Ashe,야스오명인,aedz,완숙정글,,frrm,매드무비 바위 게,플라코,정점 요네,요릭결석,dyq2b,타우렌 우주해병,의정이다,지구가 아프댕,안창살먹고싶닭,Pentakill Jinx2,,since1993 장크스,Wu Suan,,설치설치설치해,짜리몽땅 바우,아이유1luv,김눌엉,온 재,응애나는애기양,,무료급식소테러범,쪼렙이다말로하자,agtaarklanhflof,Her,잉우엉우엉잉,,오스탬임플란트,선제공격 카르마,씨몽키사육사,,익동2,뱀 아오기리,,보이지 않는 위협,KATA 2400,Pinuminu,대전 찾기,,dontgiveupteam,cjsrlwk,사자춤,,나는 안맞아,MEWd,까 만,Beifeng Gong,위즈쿨,보냥보냥보펀치,HELL DESTROYER,SKT T1 아시안느,M녹차라떼M,,트트타타,명품트린다미어,공인표,몰랐쥐,도구티모,한국말잘못써요,포기하지않는영웅,의문의 피들스틱,증명하다4,띵지대학교,연노랑색,이 차가 식기전에
Garen Specialist,양 은 민,SomabaccanaKR,유튜브 모짤라요,,gewen,긴 좡,,뚜벅이로플딱이,,초코우유맛까까,유진궁,a pleasant cat,HotshotGG,라인전 최강 니코,이 듭,Kaйu,중구월,시이이드,,Tony0204,경 EH,공사현장,ENTJ 럼블,,기열신,와니 비질게,과제로 죽은 사람,,항상웃으면서하기,,별다람이,,,청춘의 막을 내리,송희닭,,전설의구율,매 루,말자하1위,wasteprospective,팡숙07,,,리스트레인트링4,,Bard yo,,바이블린,둘리친구기영이,서새봄남편엄준식,,검 품,S 벨코즈,영원한아라드인,,UmayCallmeV,Vuiton,,MovingNow,,starbro123,,의지의한국인0906,,샤코냥이,두부두부빔,저기요해주세요,세주만함,넌 이미 최강이다,,소나해,GumWool,먕 하,착한웨인이,복카이센 람머스,,,Apdao,S1йged,Game Village,bbmmzqw,,AmmYolMan,81671056del,Body KR,lnavd,Lama,일격에 요격,,대야웰백,1성 애니,51423123,똥챔 애쉬,임천우,야호붕붕1231호,EllISKING,,BLACKSMITHKING,오늘하루즐거웠다,멍청한 천사,한계까지몰아붙여,SonnabaccanaKR,UDURUKING,하디오,Rocket Warwick,진혜린,yarelia,노정석,,내가하영진이닷,00둥22,,극 딜 서 폿,Zac,woaidaziran,곽빠따,ZEDйй,zzn,,vamei,ZoeYun,t1qkf,모닝ddong,동 작,,페슈리,Happy Cats,반전은필수,,DreamerAnt,이누무짜식,,응시12발아,lelekate666,창을 이리 내라,아기튜브미룡이,,diio2,Quebec,,,괴물퀸,RoRoNoA KANNA,Uniq R TOPKING,꿀벌의욕망,i wanna change,Tusiй,안녕 시간의 숲,오히도히,QEW,,qwerasdf2,끼새는하겜로으운,허수공,й 몰락 트위치 й,내버섯은조금크다,좌파루파사냥꾼,아옳옳옹,가봄이,김담이,딸기크로플아샷추,딩ger,사토시오
쓰리컨드,love hashira,Macchic,생각쫌하고드가라,,gmoa,나르 신,,네이서스,,호야hoy,baby 벡스,롤처음해봐유,,w0w0w,Est No2,천리우스,다아아아아아아알,Draven95,,Hoxpi,태희는단단해4,정슨생,pingpongx,,잇시키 이로하쓰,,beikaku1,,펭귄사위,,싱싱한 룰루,,,송 운,beerwine,,йConstellationй,유메육수터렛,DETOX PRO,손효정전남편,주인님좀더깊숙히,,,삑토르,,RuMaNA,,의문의 바이장인,도구 베이가,Vayne player,,빨래판가오리,구멍따개,만 당,,Top Brand,미미전용노예,,Hey JG,,forbidden game,,아스라이 빛나리,,핑x챗no,MissionSena,토로가오,홍상혁,칸야블,,바경성,프렌치오,점애아들김태훈,블랙공무원,납치의달인,,,릴리조녜여신,태양은난데어디가,성진쿤,아포터,,폐 미,아이번맨,85360820del,이이은재재명,육민관고 오정은,에덴용사,,강도마뱀,파이어뱃 애니,소개팅만남,,미니미 문도,야호붕붕대장,동태쩨끼,,꼽냐 맞을래,고마워이,기묘기묘구독자,NothingisForever,아 초 록 스,타락예지2,그저 우르GOAT,역법안해,고양이박이,Aileri,진따같던졍호가맞냐졍호는전설이다,,양기흡수,화이트하트레인,,자이ra,김우항,,대한민국탑솔러,강동무적zl존유창,샷 빨,,die Tiefsee,정글님의서폿,,들리나여,Double TimeBomb,,점수도둑초가스,노진스 슈퍼샤이,얄미운상대,,캬셔스,4카시king,,카넘약,박은썽,,Nennek,,Wakatoshi,국인처럼될래요,,,서새봄남편엄준식,,zscaxdzscaxd,명 쫑,mengxiyueQAQ,천상천하,TaIoй,남광원얼굴빵빵이,수술함,,경 곤,Hyesoy,대포잘못먹는사람,산나물비빔밥,셈틀꾼,파이크 못합니다,호야주인,피들스틱마스터,장철령,망고독,박동준00,킴카림
아 찡,Twitch 전이콜,바람이차니,펭구르,,Prestige Joy,뉘 르,,DogTop,,마님의뽕짝,강경모,된장국보단최광국,,루트김,별사탕라면땅,먐해성,C Burals 화락,인정할건할게,,델리델리델리빵,핑x챗no,방송하는바코,종키키,,,,미드정글렉사이,,주원인데,,바텀끼리치고박자,,,리븐 리븐 리븐,전곡리,,한폴마스터,선을넘지않는남자,이겨놓고싸우는편,단단묵직돌덩이,Dirn,,,방방뛰는 까불이,,Azarily,,,3282472101660416,Top Vayne K1ng,,그리웠어,미니미벨코즈,준모비질게,,오픈채널,간지진영,,장래희망도라에몽으로제출할거에요,,표 밤,,1종대형사이온,,시적 표현,MonkS,펭구 코스프레 트리스타나,TW Choco,꺾이지않는강펀치,,수틀리면던집니다,쉔결고리는입대중,,오타쿠아니라니깐,푸른 바람처럼,,,소주6병,착취의 달인,fubao fans,판다러브,,꼬수달,숲의 미뉴에트,Azir98,표창곡예,숨을 시간,2번출구노숙자,,DOGOOKING,짝 수,날랐다참새우,,FakerFollower,밀짚모자일당,리신머가리,,ornn one,11년생미드라이너,임 섹,복래씨,쏘 갈,우디르,계곡나무푸른하늘,야스군,라 라 링,wnsl,악녀블린,,귀여운 챔피언,나 희봉이야,,피너츠 스누피,쓸 만한 자크,,잭장군 이현,살 기,박으세요그냥,,불주먹김태오,잘하는시키,,ZYAN,맹 도 롱,,가가갸가,09뿌꾸,Camille Gwen,,수현아잘하자,그리워하면언젠간,,낙서공책,이승호,,도플갱어동원,,쉴 때 잠깐,고혈빠는계정,,,오늘도살아남았다,,나 자신있어,키지컬,마음이좀아픈날,영 콧 찍,서탈론,red kiw1,탐대장,,목포 막걸리,zxcvasdfqq,공자도화내는게임,tingtingtin,Pretty Chaechae1,아이스 핫 초콜릿,йLine,무찌찌,Oh Gyeong Ju,트위치이경민1234,여자는 딩거나 해,Cute Heart
뉴진스03,H0LYDAY,허허맨,밥 몬,,타오파,다훈잉,,핥핥개미핥기,,JMT 성이,상위봇,예나 지금이나 예쁜 예나,,쇼쵸규,팡지노3,r9e7,위 고 Master,나이스 가이 승태,,20240318해방,칸신쿠다사이,xwtLux,꾸이123,,,,shin8780,,Mr йero,,마광철,,,재히코프스키,광주불주먹오승섭,,엄마를 위해서,2910683719878080,빡겜충롤돌이,Rocket Warwick,못해도착한사람,,,wudiwudiwudiwudi,,장바드,,,롤대남들다뒤졌다,,,벨베슥,Asumopel,남조선동포해녀,,iii 촛 불 iii,혈청주사,,10분동선,,김치양념,,남강민1,,기립박스,hunter pyke,서포터좋습니다,동지팥죽,진압한다,,쓸모없는 소라카,디화니,,추억의용가리,T1 GumiUwash,,,근수짱짱맨,똥퍼 아저씨,갱오면 점멸 호응,내가 아리 장인,,승호에용,오스카나무주연상,홍털시치,Misfitzz,준서고,Darkin GOAT,,아랍스타2,미아칼리파,골 락,,크세로,별 수호자 승코,코 쯔왕 커,,불멸의무빙,오리아나원챔,98233314del,한국 요네,czczczczczczczzz,조딱구,Seong PAK,이효믹,할 랑,06년생 게이,bijia eve,,3272273035519808,Doxx12,,응녜미요,다딱이 전문가,,йkй,장지환777,태정태세지방세,,,학교폭력발생시크게폭력멈춰외치기,,,시계왕,,채윤석,석나간 카르마,백 밀,,Xiao E mo 9,마나관리힘듬,,은신장인카직스,313 525,,슈욱크림빵,,리 른 쟝,어린사랑,,,탑에사는괴물,,Eucatastrophe,fenshouQAQ,원딜정글주라,탱크보이두환,남친도 암살,최고다 누누,슈퍼파워이승민,,김경곤,승글징글치글,헤 돈,진황성영,티 신,넌 그게 맞아,정도최고멋져,라인피들이에요,K CHEN,zxcxzxcxzc,히 웃,보고싶다말하지마
규 보 리,뽀리오,asdbjzqwejka,킴과누,,Tip Taps Tip,세미나르,,부천 나서스,,탓툼칫칫,전사 이재원,마이트 폭우,,니입코,,양찍먹,SE MI E PIACUTO,아따 울팀 머더냐,,요술망토,asdadfhffdsd,내가 다 팰게,애미 불로 지지기,,,,hold me1,,렝가주면 이겨줌,,MILK,,,열나 수근,yeah,,에그마요치킨,MAOKAlKING,미드안오면나락,하상연,롤여캐보면쥬지서요,,,흰 알,,PkUU,,,포테톱칩,,,뚱띠의반란,mentalyowai,5piece,,Endura2,보랄탁미르,,인서엉,,십만달러,,Wanye,,아오도윤시치,수수료 쿠폰,핑군이,귀여운 뽀삐,Ready Sett Go,,lIIlllIIIIllll,손 잡아줘,,분봉나온꿀벌,고양이의 보은,,,오리아나 유저,GAS SPECIALIST,이불쇽귤까묵,또 니,,메카 아우솔,미리죽어요,D0VEKING,앗칼리,징뀨쓰,하준상의 그림자,,Elysia13,애니와함께춤을,김준호1,,yasuo1103,TimeArt,비열한 고릴라,,성이온,yybb,휘 니,왜 이렇게 싸우니,,불꽃남자우디르,대 게,히트갱,사기캐,몰롸용,버블린,,게임접었습니다,초콜릿마시썽,,다래장인,박제진,,니평타회피,Jerrya,luxearth,,,원진영,,,con muzi,,Fastenseatbelts,에이징컵,조남땡,,x Karthus x,라데시 너어,,0I수민,o니달리o,,TT Serendipity,,kkkkkkklk,사육신 이개,,,짝눈물점,,KLEDER,Zangqizzzz,R0HAN,슬슬끝내죠,저는레전드입니다,친없찐,배은망덕한것들,,Kiйg Tristaйa,SSENJa,정규희,쥐배자,Untara,of all,OnlySR,llllIIlllIllll,Ra Eh,대전 유성구,딩거명인,걸 즈
넥스밀드,칸구리버드,크리티컬 벌레,노충길,,여긴중국서버인가,묵 념,,농사하개,,,삼겹살김치볶음밥,쭈꾸미맨,,초롱이아빠,,백현욱1,LunarDay,йose,,,광연44채림77,피묻은오함마,하동신,,,,고아들달래주기겜,,서냐옹,,바꾸롱,,,창대하기위해,빙상장,,나도 걍 대충함,Bus Maokai,,행성파괴자조강현,,,,,,서폿유져,,,디로딩,,,Empty queen,야밸좋,김석곰1,,fffking,vvvvvwvvvvvv,,김은강03,,뽀메리카,,크레이지드라이버,,177cm68kg30cm,,보물뽑기,RekSai Artist,세트 Top,,늙고병든어머니,구리탱크보이,,알테라,양창균,,,고양이 델라,짭고77,필승 쓰레쉬,3001777301055168,,성지공고,조광희,송기훈,사다리 오르기,스님도반한 예수,,,카드게임,응우옌 상빈 상콩,qwer wsad,,노력하는 인프피,너만이주던순간들,,,딩거명인,차누기,마장이에요,йewtй,,kdyr,뺑 뚜,오제이비,목포우백호,T1 Jaker,북치는야옹이,,파티피폴공명2,й자르반 4세й,,흉자이라,젤리권위자,,탑좀와라정글년아,Deadly,똥망겜,,,양승헌,,,Piribu is a guy,,아그만때려,정해인 본캐,포니테일애호가,,건들면꽉물어요,cassi carry,,좀 비 카 직 스,한량 도적,,CFI,,당신이 따뜻하다,악질저격,,,물다이아,,클레드 한다,asdkjashd,골드멘탈,준위가 낳냐,선인선과,KellinQuinn,걱정마형이책임져,,이무현1,다딱이대갈통,도란도란최고미드,롤악귀원딜,,비린내나는대머리,WSSSSSW,zzibaby,선혈피오라,qnwioenfslan,gi wu wu,보글보글카모마일
멘탈나간현우기,승률 조작원,만기퇴소 꿈나무,술먹고개되서화남,,Uniq R TOPKING,4번 Or군,,쉿 농사중,,,미드녹턴,꺼어헝,,니코 장인,,섰쭁짬,Y 민,수영장파티이학찬,,,광연44채림55,Durr,Firebat zz,,,,지훈이의칼,,변쌍호,,장조이,,,Q는 3번이지,무자비한 춘식이,,마 01,율전동 나뭇가지,,,,,,,,DaHuйGoD,,,Two Faced Ricky,,,들에들에,손성준,여유란건내젖보고,,자멜리와,챗치면안함,,멀리서딜할게요,,행복실,,권따란,,헌혈을 하자,,지난 여름 둘이,,투기장 우두머리,,코뚱잉남자친구,찬스케,,국밥탱커,이벤트당첨이용,,,bewg,의문의방구차장인,사슬갓,Cony,,LYSINE METH,아이번 유저,울산 권지민,뀨로미,Twitch 현주,,,,서울삼짜,금붕어,,쿵 맛,에코박사,,,,해달의찌르기,xizin35ping,Imololz,,아고용,문서곳,й수호й,멍하기싫다멍,3037402786490112,YouTube 잭홍,,김민석 03,찍 퐁,,용자호랑이,첼자크,,어제도잭스했어요,깝치지마라씨1발,키르쉬블리테,,,유희왕카드,,,문법나치,,Hunnids,,트 젝,,KDF SIU,낙성주,,exppile,happygolucky,,현산로,,연혁왕자림공주영,케일만이,,,Kaking,,예쁜스칼,й키아나й,우리도 사랑했었,범사섭수관용,안태준은살아있다,중근이,다이브는고추참치,,cvMax JeJa,신들린 Ace,트페99,성북구장위동,,P ke,포니팀S2하석원,뇌염모기,Fior4,Fizuu,알았으면 끄떡여,모나XahegaoX감우
고세구 fan,유 틀,화약탄,sloppy Bomba,,,포근차근,,우유없는시리얼,,,불쌍한대마왕,누누티브이,,전심익,,vwvwvwvvvwwvwvwv,밤의 여신,카나라즈카츠,,,adasdafsdfqwe,그 럭스,김세라,,,,,,해피머니상품권,,,,,09어둠의zl배자,이 하 진,,근수터2,진이진우,,,,,,,,정윤안,,,베이가냥이,,,베르베쮸,거유남,메타나이트,,BlackPhantom,인구스토,,sejun0403,,뽀메리카TV,,댕댕이갈비탕,,쌕 련,,AKASAKA1,,,,steIIa mccartney,닥글벙글,,AfreecaTV 김병코,,,,,신디드,우주대스타주영,푸루푸,,주성룡왕 솔 king,1아이번,작은 장난꾸러기,비교과,파스티브셋,,,,,sex й,,독라분충사냥꾼,Mute King,,,,분유타기장인,Chanara,Raine1,,Pdyr,우르곳우르곳,1데스부터채팅off,마포 소금빵도둑,굳건한 나이,고혈정글,,엉창망진,,,마무앙,빽만원,,sfbaby,ZED9999999999999,Leitz,,,대충살려고열심히삼,,,외래종 질리언,,2910683719878080,,,,진주 이민웅,하내지 마세요,,,XD KATA,,코 넨,,갱당하든알빠노,본가피탕김탕,,,좀 더 노력해볼게,,때 탄,IM NEWJEANS,빵봉투,문이열리네요,날다람쥐12,,solo kill top,,HELPER PLAYER,난 후추만 좋아해,sdawxl,최애의 땅쥐,,누나3명은힘들어,TDT01,ssenu,중학교 사회,자앙석,하이머딩동,풀캠하는백정
유체화점화가렌,박나름,빈글빈글,,,,민기야 군대가자,,돌아온 팔블,,,,민창형,,로우카,,의문을 가지지마,,살려주세요TUT,,,king머스,szpt,고추장문기,,,,,,바위 게 의 습격,,,,,Alsnr,파밍왕리산드라,,프로젝트 알파,묘목주의,,,,,,,,신바드N,,,쇼타소믈리에,,,실존적 공허,단타쟁이,말랑한곰발바닥,,광장동꿀주먹,현 쫑,,TйT TйT,,잉 설,,그저 우르GOAT,,연쇄살인마,,베릴빤쓰도둑,,,,akaroS,lйappreheйsible,,앵무앵뭉,,,,,TheCrazyChemist,다잡는 결의,바람을타고6,,훙 밤,포식자아이번장인,문무혁,침대에서빈둥빈둥,빨강알리,,,,,Calimport,,Only Yasuo,낙타날다,,,,,꺾이지 않는 도끼,Y0йe,,우디르다,게 놈,아오오니 나랑께,후회해라,2021 1 9,붜러지보면짖는개,,춘천 누누,,,야캐야,세나라,,따북이,ZED99,NO GG PLZ,,,손덩연,,,유형민,,증오의사슬초가스,,,,콜라 한잔과 담배,안 물,,,자다 깬 여우,,팀 따라하기,,그림자사신 Kayn,지묵묵,,,Evoprim,,vldWlrwlak1,펭진양,박고기축산시장,혜원둥이,노경탁,,앙 탐 켄 티,,님부스2000,물탄 트린다미어,추가유닛,곽민섭,,도구가아니에요,,초급 피들스틱 봇,йi di xi bu,Hoshiйo Ruby,국가유공자된사람,I Am Dantes
OSHI NO GAREN,1Tier Penguin,오리사절대안함,,,,정수와강현,,,,,,1004 Yena,,팀장애인이면짖음,,lllllllllllIllll,,zinger,,,,김찬우우,김러네,,,,,,두근큭큭,,,,,Mehy,케찹은 롯데리아,,탑원딜함,Load Test,,,,,,,,둥기백,,,,,,신일a,에이비앨바이오,구로X지털O지,,,To Ruby,,,,벽궁 뽀삐,,CrazyDriver 구독,,탑샤코의 악마,,dltjdms,,,,온 리 서 폿 만,황 쉔,,파찬이,,,,,별양동캣맘유지드,June Sup,,,Forvo,조과으히,경댕몽이,뒷지조심,박보름,,,,,루비요우,,yasuu2,공주랍니당,,,,,,테 토,,PT 후크선장,Submarine707,멍 윅,최 당 빙,duan shui liu,탑은왜지능이없지,,핑크벨리,,,soft 카우,젤리묵직,,Fnatic Top,말려도열심히해봄,idanqe1,,,해은이 예쁘다,,,질리언 Support,,hjelsy,,,,C9 ksmrw,조관우급 늪 설치,,,Gksngg,,서폿과 원딜사이,,World Salt,씻팔련이,,,bottleman,,탑 갱오면 다죽임,World Of Qiyana,xiaogaozi9,Most 1 taric,이쁜 오르트구름,,탐또죽,,,린 트,어제보단오늘변화,쥐상낙원,,효랑범,,3209337758828128,롤로노아 김동현,승부는 실력,산사나무아래,장난치나 이씨2
황가렌,yeah,놀러나와 조루,,,,,,,,,,Pengus,,Youtube밍쾅,,й й й,,서폿관찰일지,,,,침착과 겸손,불쌍한대마왕,,,,,,박브실,,,,,예능챔으로농락,싯 기,,향 슈,대한혜지협회,,,,,,,,님아맵리좀,,,,,,안녕 난 무라고해,봄여름가을하늘,뽈리배어,,,koo3797,,,,poppy,,개드립,,투쇼드,,Sucre,,,,친힐파,사랑 그 나쁜말,,moosashi,,,,,우면동 방구차,Let me thr,,,사랑이해배려존중,다이아는벌레소굴,Max bot ad,최준명 서울 거주,아아아에에에이,,,,,알그로,,xivnw,I am Jug,,,,,,영혼나무,,RR존야싸개,우르 우르 버억,가랑이폭격대,통키치킨,qexuion,동백아 밥머거,,열심히게임하자1,,,KR Arad,06 Zac King,,아갈열면OPEN,내닉넴돌리도,객 사,,,제영우,,,Gwidoo,,,,,,성실한풀캠맨2,무 느,,,kate1207,,고등학생 정승호,,비타케인,유튜버이지금,,,간마늘,,찬우희,Carly,한국카본,Bieberllll,menglicunzai,,탱 범,,,Moryn,,체이로,,준나비안녕,,yjrheest,F10RA,권주영,지럴하고자빠졌네,미니언그만먹어
몽너2,우주를파괴할남자,도령s,,,,,,,,,,고대의 문,,점심먹고우유,,피언십,,coco1,,,,럭짱이,Rumble Queen,,,,,,12Kenny,,,,,닝닝왔다,,,정체불명마이장인,정글에서 날 피해,,,,,,,,풍산동청설모,,,,,,비누냄새좋아함,루샤넬,곰은 사람을찢어W,,,흔한 모기,,,,뽀식이는 씩씩해,,acrong,,아이꺼,,솔라리의 악마,,,,필유인,양평동한남킹,,키코하,,,,,Slйged,슈퍼너구리,,,은하왕꿈틀이,의사놈,두꺼운김치,정복자 아칼리,리고갈,,,,,따뜻한쿠키,,사향캣,홍 민 태,,,,,,1stYone,,떴다60,히로시마산꽃게랑,DQ123,찡 주,미아옹주,Hug,,일라빠돌이,,,참맛장인,slighter,,뱁 닭,1132324del,우미잉,,,pkdug,,,겨울 다음 계절은 너,,,,,,카서th,술 뱀,,,최수종05,,좋은아침나의가희,,,완벽한음식콩국수,,,,,때리면탄다,йQiyanaй,2001119,한기나라화정공주,연혼일체,,미니언 절단기,,,전판 트린다미어,,토스트꼬끼오,,FA 원딜전용도구,,피지컬챔아님안해,탑재인,미드잔나할겁니다,zico매니저빵테,여자력높아서미안
롤 악귀 김정민,,Gaйg Plaйk,,,,,,,,,,Necktie,,낙타우로스,,Try Try Try Try,,illiIliliIliillI,,,,먀 하,생배치고사계정,,,,,,Rengar,,,,,aaa1234,,,똥독오른강마이,한국룡,,,,,,,,Chopard,,,,,,치약맛염산,Go추까,곰KING,,,진솔이 또 이런다,,,,10rlama,,범하는사이온,,gaslighting,,미스포츈외길인생,,,,심장이 듀코듀코,푸랑아산책갈까,,Swain,,,,,데굴데굴데굴누누,제 멀,,,전주 우주지렁이,DK BushMaker,Win Worlds,AkaliKing23,낭만독타 아크샨,,,,,Muonchu,,йayuta,망가진초시계,,,,,,원하면 져줄게,,IIIlllIIlIIlllIl,내 스승 게놈,32세 Last Dance,idny,,고철쟁이,,행파조,,,가시덩굴에포근히,MIIX아이스더블,,하이우라,박흥준,제라스9,,,й조이й,,,작 동,,,,,,김영빈 카서스,조관우급 틀 설치,,,모미카,,naturalwall,,,LuluKin9,,,,,클레드 연구소,민트맛 포카리,,,제키탈,,,,,지하강가지하강,,ChaseLine,,hunter pyke,,Tout ira bien je,positive chat,축구의 신 전세훈,개 딩,헤라리스웨트
자 찍습니다,,zzlovo,,,,,,,,,,르꼬르호준,,롤을모타는사람,,불이과,,,,,,럭스로챌까지,존버왕 손포롤,,,,,,캐 인,,,,,리븐 왜함,,,칠성동 박보검,띠용띠용 용수철,,,,,,,,버려진부캐,,,,,,다예상이됩니다,,,,,꼼 지,,,,pйppy,,널 끌어줄게,,단검딜도,,,,,,콩블링,,,또 춘,,,,,게임 더럽게함,,,,,도엽아오늘일퀘는,공포의 라인전,김펄스1,임전무퇴 갓경맨,,,,,freezen,,스오줘,바위게 해줘,,,,,,카무사리 샹크스,,16살마스터우디르,TopLane HaiDuong,똥챔원챔후회중,안녕 난 응빙잉,,OneAp,,왕수홍,,,엄 포,빠트라슈짖어,,Mr 기본기,IIlllllIllIlIIl,이건목,,,조이붐은온다,,,넌안질리언,,,,,,늙은 기사,qwersdxz,,,Yozora shokaihan,,제발똑바로좀해요,,,,,,,,BBKKBKK,asdqwezx1,,,우주를파괴할남자,,,,,대리장인대리우스,,asldjfnwmde,,야발놈,,Feel the fear,계단점프,닥치고좀겜해라,현욱 정,Z 6
양산형마스터,,복플랭코,,,,,,,,,,nunu7,,wwqqzz,,Darius master,,,,,,Ultravio,고난역경시련극복,,,,,,Jeoseung Saja,,,,,탑갱안올시정글먹음,,,3292677401372448,,,,,,,,,햄찌봄나들이,,,,,,그랬나봐 나 널 좋아하나봐,,,,,후회할짓은하지마,,,,코끼리비스킷,,벌려라야생마,,철강자동화과,,,,,,오빠의바나나,,,딜안넣고뭐하냐,,,,,울고플땐파를썰지,,,,,고다연,geom eun nun,painter102,채팅이 더 재밌어,,,,,khc5691,,호응못하는 봇,재hyeok2,,,,,,집가서눕고싶어요,,아직은 어린아이,나 게놈 아니다,Aze 뚝섬,야옹1,,3025061079877568,,,,,방콕에빠진사람,그림그리다옴,,부케잭스,님꺼 먼저 까셈,진상 제라스,,,zo2boy,,,갓리언,,,,,,딸기에몽좋아,카시원딜 원챔,,,술먹은서켜니,,,,,,,,,,95 won,스폰지밥게살버거,,,taloйking,,,,,71newda,,tingbuddong,,맑은ICE,,변 자,zoootop,피즈냥,Lv1 하이머딩거,HeCaRim장인
gareйkiйg,,탑안오면숫자셈,,,,,,,,,,명품 운전사,,,,Out Step,,,,,,제시라나,정글럼블랭킹1등,,,,,,haepi haepi,,,,,I got banned,,,임승균,,,,,,,,,바드앤조이,,,,,,5코 유닛,,,,,황 극,,,,Zoe Return,,100도열,,BoX in a D I C K,,,,,,금방 가요옹,,,й e,,,,,캴국수,,,,,FiIipino,아리의 왁싱샾,럭스장인정유진,,,,,,3교대 서포터,,의정곤듀,Sigan,,,,,,I Yoйe I,,닉네임여덟자꽉꽉,선빵개이득,그문영,김꽃순,,Ji Hyoung,,,,,zyra mid,wodebaobeiZHJH,,카무이현,끌 림,젤리먹는댕댕이,,,오븐 보는 사람,,,분노의 변선생,,,,,,가슴어깨등팔하체,용쟁이4호,,,베리어 카타장인,,,,,,,,,,Skaarl Driver,l3eifeng,,,WHATWG,,,,,8도쌈꾼,,ChaIIenger I,,폭 발 성,,설 교 자,,SUBE SUBE,쿨타임없다,elljayce1
딸기맛 주노,,갱플랭크,,,,,,,,,,던질땐 누누,,,,다리 어른,,,,,,그래그래내죄야,주성민본캐,,,,,,Kingmaker Bayaz,,,,,현미 씨리얼,,,3228704035587456,,,,,,,,,Dodge Challenger,,,,,,벨베슼,,,,,빽핑찍어서미안해,,,,건체뽀,,,,신조차모욕하는천재정글러,,,,,,Ha Yuй,,,GogumaGgang,,,,,Whee ln Fans,,,,,l v e r й,북방의 비둘기,,,,,,,윤도비아,,cSeRo1,여 민,,,,,,정글이씹다버린껌,,Summer Song,나무1그루,버드와이저빌런,,,상갈약지,,,,,교나이퍼,그림그려야하는데,,도둑 몬스터,,호 멩,,,OPGGTalk,,,종근귀환,,,,,,중화산동거지,무지개맛 캔디,,,kata9,,,,,,,,,,클레드만하는사람,징버거1,,,눙물샤워,,,,,파퀴아오,,게임해서죄송해요,,낭만어부 김춘배,,레 르,,인간쓰랙,딩거개충새기,쮸 띠
반대맨,,푸식이,,,,,,,,,,자난결,,,,벵뷔아드,,,,,,,슈퍼 갤럭시 럼불,,,,,,신의탑새로운셰계,,,,,조이보이,,,팀원뽑기겜,,,,,,,,,내큐를바드시오,,,,,,수어사이드스쿼드,,,,,진도리 또 이런다,,,,뽀삐삐님,,,,박톨리,,,,,,조보아씨내려와서이것좀먹어봐유,,,정수웨인,,,,,빡빡이만합니다,,,,,꿈의 잔상처럼,황제에서비둘기,,,,,,,기억을잃었습니다,,우울해,최현기,,,,,,강수한,,초미니우디르,한번더나에게,긍정적인사람에요,,,이블림,,,,,뚝배기에꽃심기,리 강 서,,,,내포킹은퍽킹이지,,,양학좀하지마,,,앵두는앵두해,,,,,,소멸하라,GM cassiopeia,,,단검아재,,,,,,,,,,lout,주황 연꽃,,,wozaoyichenlun,,,,,Coйdom,,나는야탑트위치,,성 기 준,,dlwjdsky,,소니준내발닦개,Neth3rworld,
,,딱 콩 발 싸,,,,,,,,,,싼데비슷한 누누,,,,효맹fan,,,,,,,두붓집효자,,,,,,잠은 죽고나서 자,,,,,vanpple,,,공도우,,,,,,,,,롼 나,,,,,,롤롤처음입니다,,,,,밍밍한 밍구,,,,ling huo xing,,,,노력의 끝,,,,,,도구는만보,,,4823798123493892,,,,,박갈통,,,,,이상한정글재밌어,INFP T,,,,,,,Kynel99,,,몽키타카,,,,,,량글의 유산,,,순천국밥왕,워쿠익,,,십수딘,,,,,불의 축제 손성배,말랑 민섭,,,,비전 파동,,,도비쩜지지,,,가제멘,,,,,,음치 카서스,쭈니졸려,,,Just Say Hwan,,,,,,,,,,농구왕피콜로,마포대교한강단,,,전상득1,,,,,5656565656,,바로 던지는사람,,1처형600GOLD,,추 방,,종 후,개인딩거,
,,김 짜 율,,,,,,,,,,갱킹독학,,,,Hotdog time,,,,,,,www X video,,,,,,목공강,,,,,,,,어퍼컷,,,,,,,,,일단피해,,,,,,존기만두2,,,,,yuuke,,,,Mastar,,,,짜장 먹는 재인,,,,,,연미복 소라카,,,the Noxus Swain,,,,,무모증공주유지드,,,,,널나무나무나무,밥잘짓는전기밥솥,,,,,,,와르가르,,,Profilers,,,,,,,,,망고팀 TOP,한방에회색화면,,,괜찮아할수있어요,,,,,악의 여단 자이라,상상도 못한 심쿵,,,,뜨 멜,,,랭겜은하루딱세판,,,로미오와질리언,,,,,,khyi,OK카시,,,Hosino Gen,,,,,,,,,,나는쨘우,Moon Supreme,,,Lzx,,,,,몽춍언니,,A1NTREE,,화약폭탄,,피넛땅콩피넛,,사랑 그 나쁜말,동팔이짱,
,,7대3,,,,,,,,,,나 혼자 만렙정글,,,,헬멧써라,,,,,,,The Fire Must Go,,,,,,Raйger,,,,,,,,3256212501218848,,,,,,,,,이즈 시러,,,,,,,,,,,Haemoglobin,,,,VIIVIII,,,,하늘나는병아리,,,,,,Hyuker,,,싱싱이가힘을숨김,,,,,후 행,,,,,장난끼,잡초한줌,,,,,,,남규야,,,그러러러러,,,,,,,,,게선한놈,kedaya,,,야옹이좋아요,,,,,식인두더지,노인회장,,,,중요한 건 꺾이지 않는 제라스,,,,,,챌질2,,,,,,INTP 이은성2,팝통령,,,또 카,,,,,,,,,,SKT T1 Moreu,2004 05 26,,,탈탈털린탈론,,,,,뚱띠뚱쓰푸바옹,,뽀스탕3,,재의 기사 파이크,,황치훈,,,다시시작해보자11,
,,송준규입니다,,,,,,,,,,포스텍 강누누,,,,Eriuss,,,,,,,heiheixd,,,,,,지고억지부리기,,,,,,,,Syu Master yi,,,,,,,,,여명님,,,,,,,,,,,,,,,쀼식이,,,,아직모른다잇,,,,,,,,,작쇼 스웨인,,,,,승소한 상간녀,,,,,아이번장군,,,,,,,,닭의 암바,,,니여친가슴품hot,,,,,,,,,추운기운,워윅고추털,,,kan win,,,,,,대 종 하,,,,슝 짱,,,,,,딱리언,,,,,,죽기전 담배 한대,쫑하잉,,,EDYRINE,,,,,,,,,,Team is a beasts,실수는실력7,,,학생팬티돌려줘,,,,,한반도 거기장군,,,,6OxO7,,Fiddle midkingcc,,,코매딩거,
,,,,,,,,,,,,SNOW DRIVER,,,,,,,,,,,곰표표,,,,,,Cha Min Gon,,,,,,,,이 사람 느낌있따,,,,,,,,,뀨 바드 와쪄염,,,,,,,,,,,,,,,별망뽀,,,,RIP XD,,,,,,,,,스웨인성,,,,,독가스방구맨,,,,,밀림의강도깨비,,,,,,,,1번대대장마르코,,,,,,,,,,,,하얀초밥,인조성,,,이블린 연구소장,,,,,,푸 앵,,,,,,,,,,GrayCraken,,,,,,,빅도날드 맥맥,,,흑단검,,,,,,,,,,가si,하주경,,,자신에게엄격하자,,,,,3차타워까지,,,,M1 PYKE,,qwepwdqwepwd,,,분수마스터 fan,
,,,,,,,,,,,,질투시기,,,,,,,,,,,장안의 화재,,,,,,플로리다프로젝트,,,,,,,,장워녀엉,,,,,,,,,나만의방법,,,,,,,,,,,,,,,Fletayo,,,,빡치면 너도하셈,,,,,,,,,마법소녀 구덕팔,,,,,사파 신지드,,,,,아이번리그컷,,,,,,,,명석함,,,,,,,,,,,,수풀안에 우르곳,고졸백수아다무직,,,우리팀원딜버스충,,,,,,벨트 맨 자크,,,,,,,,,,전남대국교김성아,,,,,,,Amour Tlgro,,,Excuse,,,,,,,,,,,원소갑니다,,,Talon 998,,,,,,,,,김흥국의하입보이,,topsticks,,,안달루,
,,,,,,,,,,,,카직스황제,,,,,,,,,,,난좀어려그래 26,,,,,,REйGARKING,,,,,,,,갓조일,,,,,,,,,Sh1eld,,,,,,,,,,,,,,,붉빛하늘,,,,워랜버핏,,,,,,,,,골때리노,,,,,야쿠소쿠노산쥬뿡,,,,,준이번,,,,,,,,걍주원,,,,,,,,,,,,,thanks to 연지,,,단아합니다,,,,,,찍어눌러찢어발겨,,,,,,,,,,쪼유의 질리언,,,,,,,YouTube블루리쉬,,,미안내가더잘할게,,,,,,,,,,,,,,132213123,,,,,,,,,그리워하다언젠간,,들악귀,,,딩거쓰레기럼블함,
,,,,,,,,,,,,깅에응바보,,,,,,,,,,,참새크면찬새,,,,,,렝가링,,,,,,,,36계도망치기,,,,,,,,,DODARI,,,,,,,,,,,,,,,,,,,유둥지둥,,,,,,,,,쥬돌핀,,,,,정신나간지옥솔랭,,,,,상황병,,,,,,,,챔프연습좀함,,,,,,,,,,,,,야스임,,,EvelynnK,,,,,,전투 크리쳐,,,,,,,,,,기습부대,,,,,,,sйake,,,,,,,,,,,,,,,,,쿠쿠공주님,,,,,,,,,йite,,FiddleStick,,,Mokka,
,,,,,,,,,,,,Pig Team 9VS1 GG,,,,,,,,,,,,,,,,,먕 하,,,,,,,,천하제일금쪽대회,,,,,,,,,,,,,,,,,,,,,,,,,,,,마흔살 꽃피우리,,,,,,,,,범선 모험 화약,,,,,롤싱지드,,,,,GCA NoRoo,,,,,,,,Duck hawk,,,,,,,,,,,,,돌아온긴빠이맨,,,딜서폿하면겜오픈,,,,,,람깐만람깐만,,,,,,,,,,SayHay,,,,,,,다이아의 문단속,,,,,,,,,,,,,,,,,김수현의 개,,,,,,,,,혜지킬러파이크,,탑스틱,,,딩거ZI존v,
,,,,,,,,,,,,S점멸T궁 고세구,,,,,,,,,,,,,,,,,앙 렝모띠,,,,,,,,,,,,,,,,,,,,,,,,,,,,,,,,,,,,러블리 박보영,,,,,,,,,성균관대 류동연,,,,,86년생신지드형,,,,,,,,,,,,,아롤하기싫어진짜,,,,,,,,,,,,,남구청,,,오태경,,,,,,처형인,,,,,,,,,,,,,,,,,못말리는짱9,,,,,,,,,,,,,,,,,쉽지않은이야기,,,,,,,,,트 롤 욕 구,,문용스키,,,유돗개,
,,,,,,,,,,,,아레르시,,,,,,,,,,,,,,,,,이젠 좀 해주라,,,,,,,,,,,,,,,,,,,,,,,,,,,,,,,,,,,,콩과 팥,,,,,,,,,두아리파,,,,,딸깍딸깍틱틱캐리,,,,,,,,,,,,,머스콩이,,,,,,,,,,,,,231016입대,,,복숭아맛보추,,,,,,몽키와바나나,,,,,,,,,,,,,,,,,생배보면짖음,,,,,,,,,,,,,,,,,파쿠르맨,,,,,,,,,자살병자,,초보롤매니아,,,,
,,,,,,,,,,,,Dog Team 9VS1 GG,,,,,,,,,,,,,,,,,사랑해 페이커,,,,,,,,,,,,,,,,,,,,,,,,,,,,,,,,,,,,snu28동,,,,,,,,,천 큐 3,,,,,SCNTST,,,,,,,,,,,,,,,,,,,,,,,,,,두부달걀생강차,,,문동규,,,,,,냄진우,,,,,,,,,,,,,,,,,,,,,,,,,,,,,,,,,,,,,,,,,,,Karma Pyke,,품번 전문가,,,,
,,,,,,,,,,,,널 위한 정글링,,,,,,,,,,,,,,,,,초이통통,,,,,,,,,,,,,,,,,,,,,,,,,,,,,,,,,,,,곤듀이에오,,,,,,,,,기립박스,,,,,이미넘겻다,,,,,,,,,,,,,,,,,,,,,,,,,,,,,박블린,,,,,,므 므,,,,,,,,,,,,,,,,,,,,,,,,,,,,,,,,,,,,,,,,,,,,,말라리아뇌염모기,,,,
,,,,,,,,,,,,SS급닉네임,,,,,,,,,,,,,,,,,,,,,,,,,,,,,,,,,,,,,,,,,,,,,,,,,,,,,세나가키 이사쿠,,,,,,,,,,,,,,추석송편,,,,,,,,,,,,,,,,,,,,,,,,,,,,,,,,,,,premera,,,,,,,,,,,,,,,,,,,,,,,,,,,,,,,,,,,,,,,,,,,,,Effigy,,,,
,,,,,,,,,,,,O굴러가U,,,,,,,,,,,,,,,,,,,,,,,,,,,,,,,,,,,,,,,,,,,,,,,,,,,,,곰포동,,,,,,,,,,,,,,미드쓰레기라인,,,,,,,,,,,,,,,,,,,,,,,,,,,,,,,,,,,곽효원,,,,,,,,,,,,,,,,,,,,,,,,,,,,,,,,,,,,,,,,,,,,,Starving Chef,,,,
,,,,,,,,,,,,,,,,,,,,,,,,,,,,,,,,,,,,,,,,,,,,,,,,,,,,,,,,,,,,,,,,,,,,,,,,,,,,,,,,,,,,,,,,,,,,,,,,,,,,,,,,,,,,,,,,,,버스승객해봄,,,,,,,,,,,,,,,,,,,,,,,,,,,,,,,,,,,,,,,,,,,,,snIperHan,,,,
,,,,,,,,,,,,,,,,,,,,,,,,,,,,,,,,,,,,,,,,,,,,,,,,,,,,,,,,,,,,,,,,,,,,,,,,,,,,,,,,,,,,,,,,,,,,,,,,,,,,,,,,,,,,,,,,,,역시자크군 2,,,,,,,,,,,,,,,,,,,,,,,,,,,,,,,,,,,,,,,,,,,,,계란 5개로켓 1개,,,,
,,,,,,,,,,,,,,,,,,,,,,,,,,,,,,,,,,,,,,,,,,,,,,,,,,,,,,,,,,,,,,,,,,,,,,,,,,,,,,,,,,,,,,,,,,,,,,,,,,,,,,,,,,,,,,,,,,쥐여우,,,,,,,,,,,,,,,,,,,,,,,,,,,,,,,,,,,,,,,,,,,,,,,,,
